messages,timestamps
(DEV): Ingest the data for the daily weather forecast.,2025-11-26 13:45:04
(DEV): Ingest the data for the weather outlook for selected Philippine cities.,2025-11-26 13:45:05
(DEV): Ingest the data for the weather outlook for selected Philippine tourist areas.,2025-11-26 13:45:05
(DEV): Ingest the data for the daily weather forecast.,2025-11-26 14:16:43
(DEV): Ingest the data for the weather outlook for selected Philippine cities.,2025-11-26 14:16:44
(DEV): Ingest the data for the weather outlook for selected Philippine tourist areas.,2025-11-26 14:16:44
(DEV): Ingest the data for the daily weather forecast.,2025-11-26 16:56:28
(DEV): Ingest the data for the weather outlook for selected Philippine cities.,2025-11-26 16:56:30
(DEV): Ingest the data for the weather outlook for selected Philippine tourist areas.,2025-11-26 16:56:31
(DEV): Ingest the data for the daily weather forecast.,2025-11-26 17:18:36
(DEV): Ingest the data for the weather outlook for selected Philippine cities.,2025-11-26 17:18:38
(DEV): Ingest the data for the weather outlook for selected Philippine tourist areas.,2025-11-26 17:18:39
(DEV): Ingest the data for the daily weather forecast.,2025-11-26 17:29:00
(DEV): Ingest the data for the weather outlook for selected Philippine cities.,2025-11-26 17:29:02
(DEV): Ingest the data for the daily weather forecast.,2025-11-26 17:29:34
(DEV): Ingest the data for the weather outlook for selected Philippine cities.,2025-11-26 17:29:35
(DEV): Ingest the data for the weather outlook for selected Philippine tourist areas.,2025-11-26 17:29:36
(DEV): Ingest the data for the daily weather forecast.,2025-11-27 12:36:02
(DEV): Ingest the data for the weather outlook for selected Philippine cities.,2025-11-27 12:36:08
(DEV): Ingest the data for the weather outlook for selected Philippine tourist areas.,2025-11-27 12:36:09
(DEV): Ingest the data for the daily weather forecast.,2025-11-27 14:55:18
(DEV): Ingest the data for the daily weather forecast.,2025-11-27 14:56:13
(DEV): Ingest the data for the weather outlook for selected Philippine cities.,2025-11-27 14:56:15
(DEV): Ingest the data for the weather outlook for selected Philippine tourist areas.,2025-11-27 14:56:16
(DEV): Ingest the data for the daily weather forecast.,2025-11-27 14:58:45
(DEV): Ingest the data for the weather outlook for selected Philippine cities.,2025-11-27 14:58:46
(DEV): Ingest the data for the weather outlook for selected Philippine tourist areas.,2025-11-27 14:58:46
(DEV): Ingest the data for the daily weather forecast.,2025-11-27 15:05:33
(DEV): Ingest the data for the weather outlook for selected Philippine cities.,2025-11-27 15:05:34
(DEV): Ingest the data for the weather outlook for selected Philippine tourist areas.,2025-11-27 15:05:35
(DEV): Ingest the data for the daily weather forecast.,2025-11-27 15:08:13
(DEV): Ingest the data for the weather outlook for selected Philippine cities.,2025-11-27 15:08:14
(DEV): Ingest the data for the weather outlook for selected Philippine tourist areas.,2025-11-27 15:08:15
(DEV): Ingest the data for the daily weather forecast.,2025-11-27 15:21:14
(DEV): Ingest the data for the weather outlook for selected Philippine cities.,2025-11-27 15:21:17
(DEV): Ingest the data for the weather outlook for selected Philippine tourist areas.,2025-11-27 15:21:18
(DEV): Ingest the data for the daily weather forecast.,2025-11-28 11:16:10
(DEV): Ingest the data for the weather outlook for selected Philippine cities.,2025-11-28 11:16:11
(DEV): Ingest the data for the weather outlook for selected Philippine tourist areas.,2025-11-28 11:16:12
(DEV): Ingest the data for the daily weather forecast.,2025-11-28 11:25:02
(DEV): Ingest the data for the weather outlook for selected Philippine cities.,2025-11-28 11:25:03
(DEV): Ingest the data for the weather outlook for selected Philippine tourist areas.,2025-11-28 11:25:04
(DEV): Ingest the data for the daily weather forecast.,2025-11-28 11:26:37
(DEV): Ingest the data for the weather outlook for selected Philippine cities.,2025-11-28 11:26:38
(DEV): Ingest the data for the weather outlook for selected Philippine tourist areas.,2025-11-28 11:26:39
(DEV): Ingest the data for the daily weather forecast.,2025-11-28 11:28:18
(DEV): Ingest the data for the weather outlook for selected Philippine cities.,2025-11-28 11:28:19
(DEV): Ingest the data for the weather outlook for selected Philippine tourist areas.,2025-11-28 11:28:20
(DEV): Ingest the data for the daily weather forecast.,2025-11-28 11:29:35
(DEV): Ingest the data for the weather outlook for selected Philippine cities.,2025-11-28 11:29:36
(DEV): Ingest the data for the weather outlook for selected Philippine tourist areas.,2025-11-28 11:29:37
(DEV): Ingest the data for the daily weather forecast.,2025-11-28 11:45:01
(DEV): Ingest the data for the weather outlook for selected Philippine cities.,2025-11-28 11:45:03
(DEV): Ingest the data for the weather outlook for selected Philippine tourist areas.,2025-11-28 11:45:04
(DEV): Ingest the data for the daily weather forecast.,2025-11-28 11:46:01
(DEV): Ingest the data for the weather outlook for selected Philippine cities.,2025-11-28 11:46:03
(DEV): Ingest the data for the weather outlook for selected Philippine tourist areas.,2025-11-28 11:46:04
(DEV): Ingest the data for the daily weather forecast.,2025-11-28 12:06:54
(DEV): Ingest the data for the weather outlook for selected Philippine cities.,2025-11-28 12:06:56
(DEV): Ingest the data for the weather outlook for selected Philippine tourist areas.,2025-11-28 12:06:58
(DEV): Ingest the data for the daily weather forecast.,2025-11-28 12:40:01
(DEV): Ingest the data for the weather outlook for selected Philippine cities.,2025-11-28 12:40:03
(DEV): Ingest the data for the weather outlook for selected Philippine tourist areas.,2025-11-28 12:40:04
(DEV): Ingest the data for the daily weather forecast.,2025-11-28 12:42:05
(DEV): Ingest the data for the weather outlook for selected Philippine cities.,2025-11-28 12:42:06
(DEV): Ingest the data for the weather outlook for selected Philippine tourist areas.,2025-11-28 12:42:07
(DEV): Ingest the data for the daily weather forecast.,2025-11-28 12:46:30
(DEV): Ingest the data for the weather outlook for selected Philippine cities.,2025-11-28 12:46:32
(DEV): Ingest the data for the weather outlook for selected Philippine tourist areas.,2025-11-28 12:46:32
(DEV): Ingest the data for the daily weather forecast.,2025-11-28 13:13:34
(DEV): Ingest the data for the weather outlook for selected Philippine cities.,2025-11-28 13:13:35
(DEV): Ingest the data for the weather outlook for selected Philippine tourist areas.,2025-11-28 13:13:35
(DEV): Ingest the data for the daily weather forecast.,2025-11-28 13:15:40
(DEV): Ingest the data for the weather outlook for selected Philippine cities.,2025-11-28 13:15:41
(DEV): Ingest the data for the weather outlook for selected Philippine tourist areas.,2025-11-28 13:15:44
(DEV): Ingest the data for the daily weather forecast.,2025-11-28 13:36:54
(DEV): Ingest the data for the weather outlook for selected Philippine cities.,2025-11-28 13:36:55
(DEV): Ingest the data for the weather outlook for selected Philippine tourist areas.,2025-11-28 13:36:55
(DEV): Ingest the data for the daily weather forecast.,2025-11-28 13:37:06
(DEV): Ingest the data for the weather outlook for selected Philippine cities.,2025-11-28 13:37:08
(DEV): Ingest the data for the weather outlook for selected Philippine tourist areas.,2025-11-28 13:37:09
(DEV): Ingest the data for the daily weather forecast.,2025-11-28 13:37:42
(DEV): Ingest the data for the weather outlook for selected Philippine cities.,2025-11-28 13:37:44
(DEV): Ingest the data for the weather outlook for selected Philippine tourist areas.,2025-11-28 13:37:45
(DEV): Ingest the data for the daily weather forecast.,2025-11-28 13:43:19
(DEV): Ingest the data for the weather outlook for selected Philippine cities.,2025-11-28 13:43:20
(DEV): Ingest the data for the weather outlook for selected Philippine tourist areas.,2025-11-28 13:43:22
(DEV): Ingest the data for the daily weather forecast.,2025-11-29 14:32:33
(DEV): Ingest the data for the weather outlook for selected Philippine cities.,2025-11-29 14:32:34
(DEV): Ingest the data for the weather outlook for selected Philippine tourist areas.,2025-11-29 14:32:35
(DEV): Ingest the data for the daily weather forecast.,2025-11-29 14:55:19
(DEV): Ingest the data for the weather outlook for selected Philippine cities.,2025-11-29 14:55:20
(DEV): Ingest the data for the weather outlook for selected Philippine tourist areas.,2025-11-29 14:55:21
(DEV): Ingest the data for the daily weather forecast.,2025-11-29 14:57:09
(DEV): Ingest the data for the weather outlook for selected Philippine cities.,2025-11-29 14:57:10
(DEV): Ingest the data for the weather outlook for selected Philippine tourist areas.,2025-11-29 14:57:11
(DEV): Ingest the data for the daily weather forecast.,2025-11-29 14:58:50
(DEV): Ingest the data for the weather outlook for selected Philippine cities.,2025-11-29 14:58:51
(DEV): Ingest the data for the weather outlook for selected Philippine tourist areas.,2025-11-29 14:58:52
(DEV): Ingest the data for the daily weather forecast.,2025-11-29 15:06:45
(DEV): Ingest the data for the weather outlook for selected Philippine cities.,2025-11-29 15:06:46
(DEV): Ingest the data for the weather outlook for selected Philippine tourist areas.,2025-11-29 15:06:47
(DEV): Ingest the data for the daily weather forecast.,2025-11-29 15:13:29
(DEV): Ingest the data for the weather outlook for selected Philippine cities.,2025-11-29 15:13:30
(DEV): Ingest the data for the weather outlook for selected Philippine tourist areas.,2025-11-29 15:13:31
(DEV): Ingest the data for the daily weather forecast.,2025-11-29 15:34:13
(DEV): Ingest the data for the weather outlook for selected Philippine cities.,2025-11-29 15:34:14
(DEV): Ingest the data for the weather outlook for selected Philippine tourist areas.,2025-11-29 15:34:15
(DEV): Ingest the data for the daily weather forecast.,2025-11-29 15:35:52
(DEV): Ingest the data for the weather outlook for selected Philippine cities.,2025-11-29 15:35:58
(DEV): Ingest the data for the weather outlook for selected Philippine tourist areas.,2025-11-29 15:35:59
(DEV): Ingest the data for the daily weather forecast.,2025-11-29 15:40:53
(DEV): Ingest the data for the weather outlook for selected Philippine cities.,2025-11-29 15:40:54
(DEV): Ingest the data for the weather outlook for selected Philippine tourist areas.,2025-11-29 15:40:55
(DEV): Ingest the data for the daily weather forecast.,2025-11-29 15:44:00
(DEV): Ingest the data for the daily weather forecast.,2025-11-29 15:44:39
(DEV): Ingest the data for the weather outlook for selected Philippine cities.,2025-11-29 15:44:41
(DEV): Ingest the data for the weather outlook for selected Philippine tourist areas.,2025-11-29 15:44:43
(DEV): Ingest the data for the daily weather forecast.,2025-11-29 15:54:26
(DEV): Ingest the data for the weather outlook for selected Philippine cities.,2025-11-29 15:54:27
(DEV): Ingest the data for the weather outlook for selected Philippine tourist areas.,2025-11-29 15:54:28
(DEV): Ingest the data for the daily weather forecast.,2025-11-29 16:17:42
(DEV): Ingest the data for the weather outlook for selected Philippine cities.,2025-11-29 16:17:43
(DEV): Ingest the data for the weather outlook for selected Philippine tourist areas.,2025-11-29 16:17:43
(DEV): Ingest the data for the daily weather forecast.,2025-11-29 16:17:59
(DEV): Ingest the data for the weather outlook for selected Philippine cities.,2025-11-29 16:18:01
(DEV): Ingest the data for the weather outlook for selected Philippine tourist areas.,2025-11-29 16:18:01
(DEV): Ingest the data for the daily weather forecast.,2025-11-29 16:27:43
(DEV): Ingest the data for the weather outlook for selected Philippine cities.,2025-11-29 16:27:44
(DEV): Ingest the data for the weather outlook for selected Philippine tourist areas.,2025-11-29 16:27:46
(DEV): Ingest the data for the daily weather forecast.,2025-11-29 16:44:33
(DEV): Ingest the data for the weather outlook for selected Philippine cities.,2025-11-29 16:44:34
(DEV): Ingest the data for the weather outlook for selected Philippine tourist areas.,2025-11-29 16:44:35
(DEV): Ingest the data for the daily weather forecast.,2025-11-29 16:46:01
(DEV): Ingest the data for the daily weather forecast.,2025-11-29 16:46:18
(DEV): Ingest the data for the weather outlook for selected Philippine cities.,2025-11-29 16:46:19
(DEV): Ingest the data for the weather outlook for selected Philippine tourist areas.,2025-11-29 16:46:20
(DEV): Ingest the data for the daily weather forecast.,2025-11-29 17:01:21
(DEV): Ingest the data for the weather outlook for selected Philippine cities.,2025-11-29 17:01:27
(DEV): Ingest the data for the weather outlook for selected Philippine tourist areas.,2025-11-29 17:01:28
(DEV): Ingest the data for the daily weather forecast.,2025-11-29 17:13:49
(DEV): Ingest the data for the weather outlook for selected Philippine cities.,2025-11-29 17:13:50
(DEV): Ingest the data for the weather outlook for selected Philippine tourist areas.,2025-11-29 17:13:50
(DEV): Ingest the data for the daily weather forecast.,2025-11-30 11:24:02
(DEV): Ingest the data for the weather outlook for selected Philippine cities.,2025-11-30 11:24:03
(DEV): Ingest the data for the weather outlook for selected Philippine tourist areas.,2025-11-30 11:24:04
(DEV): Ingest the data for the daily weather forecast.,2025-11-30 11:55:56
(DEV): Ingest the data for the daily weather forecast.,2025-11-30 11:56:41
(DEV): Ingest the data for the daily weather forecast.,2025-11-30 11:56:51
(DEV): Ingest the data for the weather outlook for selected Philippine cities.,2025-11-30 11:56:52
(DEV): Ingest the data for the weather outlook for selected Philippine tourist areas.,2025-11-30 11:56:53
(DEV): Ingest the data for the daily weather forecast.,2025-11-30 11:59:47
(DEV): Ingest the data for the weather outlook for selected Philippine cities.,2025-11-30 11:59:49
(DEV): Ingest the data for the weather outlook for selected Philippine tourist areas.,2025-11-30 11:59:50
